--
-- PostgreSQL database dump
--

-- Dumped from database version 12.16 (Ubuntu 12.16-0ubuntu0.20.04.1)
-- Dumped by pg_dump version 12.16 (Ubuntu 12.16-0ubuntu0.20.04.1)

SET statement_timeout = 0;
SET lock_timeout = 0;
SET idle_in_transaction_session_timeout = 0;
SET client_encoding = 'UTF8';
SET standard_conforming_strings = on;
SELECT pg_catalog.set_config('search_path', '', false);
SET check_function_bodies = false;
SET xmloption = content;
SET client_min_messages = warning;
SET row_security = off;

SET default_tablespace = '';

SET default_table_access_method = heap;

--
-- Name: app_user; Type: TABLE; Schema: public; Owner: administrator
--

CREATE TABLE public.app_user (
    id bigint NOT NULL,
    password character varying(128) NOT NULL,
    last_login timestamp with time zone,
    is_superuser boolean NOT NULL,
    is_staff boolean NOT NULL,
    is_active boolean NOT NULL,
    created_at timestamp with time zone NOT NULL,
    updated_at timestamp with time zone NOT NULL,
    email character varying(254) NOT NULL,
    telephone character varying(13) NOT NULL,
    username character varying(64) NOT NULL,
    photo character varying(100),
    address text,
    role integer NOT NULL,
    desa_id bigint
);


ALTER TABLE public.app_user OWNER TO administrator;

--
-- Name: app_user_desa_profile; Type: TABLE; Schema: public; Owner: administrator
--

CREATE TABLE public.app_user_desa_profile (
    id bigint NOT NULL,
    deleted timestamp with time zone,
    deleted_by_cascade boolean NOT NULL,
    jabatan integer NOT NULL,
    user_id bigint NOT NULL
);


ALTER TABLE public.app_user_desa_profile OWNER TO administrator;

--
-- Name: app_user_desa_profile_id_seq; Type: SEQUENCE; Schema: public; Owner: administrator
--

ALTER TABLE public.app_user_desa_profile ALTER COLUMN id ADD GENERATED BY DEFAULT AS IDENTITY (
    SEQUENCE NAME public.app_user_desa_profile_id_seq
    START WITH 1
    INCREMENT BY 1
    NO MINVALUE
    NO MAXVALUE
    CACHE 1
);


--
-- Name: app_user_groups; Type: TABLE; Schema: public; Owner: administrator
--

CREATE TABLE public.app_user_groups (
    id bigint NOT NULL,
    user_id bigint NOT NULL,
    group_id integer NOT NULL
);


ALTER TABLE public.app_user_groups OWNER TO administrator;

--
-- Name: app_user_groups_id_seq; Type: SEQUENCE; Schema: public; Owner: administrator
--

ALTER TABLE public.app_user_groups ALTER COLUMN id ADD GENERATED BY DEFAULT AS IDENTITY (
    SEQUENCE NAME public.app_user_groups_id_seq
    START WITH 1
    INCREMENT BY 1
    NO MINVALUE
    NO MAXVALUE
    CACHE 1
);


--
-- Name: app_user_id_seq; Type: SEQUENCE; Schema: public; Owner: administrator
--

ALTER TABLE public.app_user ALTER COLUMN id ADD GENERATED BY DEFAULT AS IDENTITY (
    SEQUENCE NAME public.app_user_id_seq
    START WITH 1
    INCREMENT BY 1
    NO MINVALUE
    NO MAXVALUE
    CACHE 1
);


--
-- Name: app_user_user_permissions; Type: TABLE; Schema: public; Owner: administrator
--

CREATE TABLE public.app_user_user_permissions (
    id bigint NOT NULL,
    user_id bigint NOT NULL,
    permission_id integer NOT NULL
);


ALTER TABLE public.app_user_user_permissions OWNER TO administrator;

--
-- Name: app_user_user_permissions_id_seq; Type: SEQUENCE; Schema: public; Owner: administrator
--

ALTER TABLE public.app_user_user_permissions ALTER COLUMN id ADD GENERATED BY DEFAULT AS IDENTITY (
    SEQUENCE NAME public.app_user_user_permissions_id_seq
    START WITH 1
    INCREMENT BY 1
    NO MINVALUE
    NO MAXVALUE
    CACHE 1
);


--
-- Name: auth_group; Type: TABLE; Schema: public; Owner: administrator
--

CREATE TABLE public.auth_group (
    id integer NOT NULL,
    name character varying(150) NOT NULL
);


ALTER TABLE public.auth_group OWNER TO administrator;

--
-- Name: auth_group_id_seq; Type: SEQUENCE; Schema: public; Owner: administrator
--

ALTER TABLE public.auth_group ALTER COLUMN id ADD GENERATED BY DEFAULT AS IDENTITY (
    SEQUENCE NAME public.auth_group_id_seq
    START WITH 1
    INCREMENT BY 1
    NO MINVALUE
    NO MAXVALUE
    CACHE 1
);


--
-- Name: auth_group_permissions; Type: TABLE; Schema: public; Owner: administrator
--

CREATE TABLE public.auth_group_permissions (
    id bigint NOT NULL,
    group_id integer NOT NULL,
    permission_id integer NOT NULL
);


ALTER TABLE public.auth_group_permissions OWNER TO administrator;

--
-- Name: auth_group_permissions_id_seq; Type: SEQUENCE; Schema: public; Owner: administrator
--

ALTER TABLE public.auth_group_permissions ALTER COLUMN id ADD GENERATED BY DEFAULT AS IDENTITY (
    SEQUENCE NAME public.auth_group_permissions_id_seq
    START WITH 1
    INCREMENT BY 1
    NO MINVALUE
    NO MAXVALUE
    CACHE 1
);


--
-- Name: auth_permission; Type: TABLE; Schema: public; Owner: administrator
--

CREATE TABLE public.auth_permission (
    id integer NOT NULL,
    name character varying(255) NOT NULL,
    content_type_id integer NOT NULL,
    codename character varying(100) NOT NULL
);


ALTER TABLE public.auth_permission OWNER TO administrator;

--
-- Name: auth_permission_id_seq; Type: SEQUENCE; Schema: public; Owner: administrator
--

ALTER TABLE public.auth_permission ALTER COLUMN id ADD GENERATED BY DEFAULT AS IDENTITY (
    SEQUENCE NAME public.auth_permission_id_seq
    START WITH 1
    INCREMENT BY 1
    NO MINVALUE
    NO MAXVALUE
    CACHE 1
);


--
-- Name: background_task; Type: TABLE; Schema: public; Owner: administrator
--

CREATE TABLE public.background_task (
    identifier character varying(64) NOT NULL,
    task_id character varying(32) NOT NULL,
    status jsonb NOT NULL,
    created_at timestamp with time zone NOT NULL
);


ALTER TABLE public.background_task OWNER TO administrator;

--
-- Name: core_queuednotification; Type: TABLE; Schema: public; Owner: administrator
--

CREATE TABLE public.core_queuednotification (
    id bigint NOT NULL,
    payload jsonb NOT NULL,
    is_read boolean NOT NULL,
    created_at timestamp with time zone NOT NULL
);


ALTER TABLE public.core_queuednotification OWNER TO administrator;

--
-- Name: core_queuednotification_id_seq; Type: SEQUENCE; Schema: public; Owner: administrator
--

ALTER TABLE public.core_queuednotification ALTER COLUMN id ADD GENERATED BY DEFAULT AS IDENTITY (
    SEQUENCE NAME public.core_queuednotification_id_seq
    START WITH 1
    INCREMENT BY 1
    NO MINVALUE
    NO MAXVALUE
    CACHE 1
);


--
-- Name: core_queuednotification_receivers; Type: TABLE; Schema: public; Owner: administrator
--

CREATE TABLE public.core_queuednotification_receivers (
    id bigint NOT NULL,
    queuednotification_id bigint NOT NULL,
    user_id bigint NOT NULL
);


ALTER TABLE public.core_queuednotification_receivers OWNER TO administrator;

--
-- Name: core_queuednotification_receivers_id_seq; Type: SEQUENCE; Schema: public; Owner: administrator
--

ALTER TABLE public.core_queuednotification_receivers ALTER COLUMN id ADD GENERATED BY DEFAULT AS IDENTITY (
    SEQUENCE NAME public.core_queuednotification_receivers_id_seq
    START WITH 1
    INCREMENT BY 1
    NO MINVALUE
    NO MAXVALUE
    CACHE 1
);


--
-- Name: desa; Type: TABLE; Schema: public; Owner: administrator
--

CREATE TABLE public.desa (
    id bigint NOT NULL,
    deleted timestamp with time zone,
    deleted_by_cascade boolean NOT NULL,
    kode character varying(10) NOT NULL,
    nama character varying(64) NOT NULL
);


ALTER TABLE public.desa OWNER TO administrator;

--
-- Name: desa_id_seq; Type: SEQUENCE; Schema: public; Owner: administrator
--

ALTER TABLE public.desa ALTER COLUMN id ADD GENERATED BY DEFAULT AS IDENTITY (
    SEQUENCE NAME public.desa_id_seq
    START WITH 1
    INCREMENT BY 1
    NO MINVALUE
    NO MAXVALUE
    CACHE 1
);


--
-- Name: django_admin_log; Type: TABLE; Schema: public; Owner: administrator
--

CREATE TABLE public.django_admin_log (
    id integer NOT NULL,
    action_time timestamp with time zone NOT NULL,
    object_id text,
    object_repr character varying(200) NOT NULL,
    action_flag smallint NOT NULL,
    change_message text NOT NULL,
    content_type_id integer,
    user_id bigint NOT NULL,
    CONSTRAINT django_admin_log_action_flag_check CHECK ((action_flag >= 0))
);


ALTER TABLE public.django_admin_log OWNER TO administrator;

--
-- Name: django_admin_log_id_seq; Type: SEQUENCE; Schema: public; Owner: administrator
--

ALTER TABLE public.django_admin_log ALTER COLUMN id ADD GENERATED BY DEFAULT AS IDENTITY (
    SEQUENCE NAME public.django_admin_log_id_seq
    START WITH 1
    INCREMENT BY 1
    NO MINVALUE
    NO MAXVALUE
    CACHE 1
);


--
-- Name: django_content_type; Type: TABLE; Schema: public; Owner: administrator
--

CREATE TABLE public.django_content_type (
    id integer NOT NULL,
    app_label character varying(100) NOT NULL,
    model character varying(100) NOT NULL
);


ALTER TABLE public.django_content_type OWNER TO administrator;

--
-- Name: django_content_type_id_seq; Type: SEQUENCE; Schema: public; Owner: administrator
--

ALTER TABLE public.django_content_type ALTER COLUMN id ADD GENERATED BY DEFAULT AS IDENTITY (
    SEQUENCE NAME public.django_content_type_id_seq
    START WITH 1
    INCREMENT BY 1
    NO MINVALUE
    NO MAXVALUE
    CACHE 1
);


--
-- Name: django_migrations; Type: TABLE; Schema: public; Owner: administrator
--

CREATE TABLE public.django_migrations (
    id bigint NOT NULL,
    app character varying(255) NOT NULL,
    name character varying(255) NOT NULL,
    applied timestamp with time zone NOT NULL
);


ALTER TABLE public.django_migrations OWNER TO administrator;

--
-- Name: django_migrations_id_seq; Type: SEQUENCE; Schema: public; Owner: administrator
--

ALTER TABLE public.django_migrations ALTER COLUMN id ADD GENERATED BY DEFAULT AS IDENTITY (
    SEQUENCE NAME public.django_migrations_id_seq
    START WITH 1
    INCREMENT BY 1
    NO MINVALUE
    NO MAXVALUE
    CACHE 1
);


--
-- Name: django_session; Type: TABLE; Schema: public; Owner: administrator
--

CREATE TABLE public.django_session (
    session_key character varying(40) NOT NULL,
    session_data text NOT NULL,
    expire_date timestamp with time zone NOT NULL
);


ALTER TABLE public.django_session OWNER TO administrator;

--
-- Name: layanan_history; Type: TABLE; Schema: public; Owner: administrator
--

CREATE TABLE public.layanan_history (
    id bigint NOT NULL,
    deleted timestamp with time zone,
    deleted_by_cascade boolean NOT NULL,
    obj_id bigint NOT NULL,
    obj_type character varying(16) NOT NULL,
    status character varying(16) NOT NULL,
    rejection_reason text,
    created_at timestamp with time zone NOT NULL,
    updated_at timestamp with time zone NOT NULL,
    created_by_id bigint NOT NULL,
    desa_id bigint NOT NULL,
    updated_by_id bigint NOT NULL
);


ALTER TABLE public.layanan_history OWNER TO administrator;

--
-- Name: layanan_history_detail; Type: TABLE; Schema: public; Owner: administrator
--

CREATE TABLE public.layanan_history_detail (
    id bigint NOT NULL,
    deleted timestamp with time zone,
    deleted_by_cascade boolean NOT NULL,
    status character varying(16) NOT NULL,
    rejection_reason text,
    created_at timestamp with time zone NOT NULL,
    actor_id bigint NOT NULL,
    parent_id bigint NOT NULL
);


ALTER TABLE public.layanan_history_detail OWNER TO administrator;

--
-- Name: layanan_history_detail_id_seq; Type: SEQUENCE; Schema: public; Owner: administrator
--

ALTER TABLE public.layanan_history_detail ALTER COLUMN id ADD GENERATED BY DEFAULT AS IDENTITY (
    SEQUENCE NAME public.layanan_history_detail_id_seq
    START WITH 1
    INCREMENT BY 1
    NO MINVALUE
    NO MAXVALUE
    CACHE 1
);


--
-- Name: layanan_history_id_seq; Type: SEQUENCE; Schema: public; Owner: administrator
--

ALTER TABLE public.layanan_history ALTER COLUMN id ADD GENERATED BY DEFAULT AS IDENTITY (
    SEQUENCE NAME public.layanan_history_id_seq
    START WITH 1
    INCREMENT BY 1
    NO MINVALUE
    NO MAXVALUE
    CACHE 1
);


--
-- Name: layanan_pemerintahan; Type: TABLE; Schema: public; Owner: administrator
--

CREATE TABLE public.layanan_pemerintahan (
    id bigint NOT NULL,
    deleted timestamp with time zone,
    deleted_by_cascade boolean NOT NULL,
    keperluan character varying(32) NOT NULL,
    created_at timestamp with time zone NOT NULL,
    updated_at timestamp with time zone NOT NULL,
    created_by_id bigint NOT NULL,
    updated_by_id bigint NOT NULL,
    keterangan character varying(32) NOT NULL,
    status character varying(16) NOT NULL,
    desa_id bigint NOT NULL
);


ALTER TABLE public.layanan_pemerintahan OWNER TO administrator;

--
-- Name: layanan_pemerintahan_id_seq; Type: SEQUENCE; Schema: public; Owner: administrator
--

ALTER TABLE public.layanan_pemerintahan ALTER COLUMN id ADD GENERATED BY DEFAULT AS IDENTITY (
    SEQUENCE NAME public.layanan_pemerintahan_id_seq
    START WITH 1
    INCREMENT BY 1
    NO MINVALUE
    NO MAXVALUE
    CACHE 1
);


--
-- Name: layanan_umum; Type: TABLE; Schema: public; Owner: administrator
--

CREATE TABLE public.layanan_umum (
    id bigint NOT NULL,
    deleted timestamp with time zone,
    deleted_by_cascade boolean NOT NULL,
    keperluan character varying(32) NOT NULL,
    created_at timestamp with time zone NOT NULL,
    updated_at timestamp with time zone NOT NULL,
    created_by_id bigint NOT NULL,
    updated_by_id bigint NOT NULL,
    keterangan character varying(32) NOT NULL,
    status character varying(16) NOT NULL,
    desa_id bigint NOT NULL
);


ALTER TABLE public.layanan_umum OWNER TO administrator;

--
-- Name: layanan_umum_id_seq; Type: SEQUENCE; Schema: public; Owner: administrator
--

ALTER TABLE public.layanan_umum ALTER COLUMN id ADD GENERATED BY DEFAULT AS IDENTITY (
    SEQUENCE NAME public.layanan_umum_id_seq
    START WITH 1
    INCREMENT BY 1
    NO MINVALUE
    NO MAXVALUE
    CACHE 1
);


--
-- Name: token_blacklist_blacklistedtoken; Type: TABLE; Schema: public; Owner: administrator
--

CREATE TABLE public.token_blacklist_blacklistedtoken (
    id bigint NOT NULL,
    blacklisted_at timestamp with time zone NOT NULL,
    token_id bigint NOT NULL
);


ALTER TABLE public.token_blacklist_blacklistedtoken OWNER TO administrator;

--
-- Name: token_blacklist_blacklistedtoken_id_seq; Type: SEQUENCE; Schema: public; Owner: administrator
--

ALTER TABLE public.token_blacklist_blacklistedtoken ALTER COLUMN id ADD GENERATED BY DEFAULT AS IDENTITY (
    SEQUENCE NAME public.token_blacklist_blacklistedtoken_id_seq
    START WITH 1
    INCREMENT BY 1
    NO MINVALUE
    NO MAXVALUE
    CACHE 1
);


--
-- Name: token_blacklist_outstandingtoken; Type: TABLE; Schema: public; Owner: administrator
--

CREATE TABLE public.token_blacklist_outstandingtoken (
    id bigint NOT NULL,
    token text NOT NULL,
    created_at timestamp with time zone,
    expires_at timestamp with time zone NOT NULL,
    user_id bigint,
    jti character varying(255) NOT NULL
);


ALTER TABLE public.token_blacklist_outstandingtoken OWNER TO administrator;

--
-- Name: token_blacklist_outstandingtoken_id_seq; Type: SEQUENCE; Schema: public; Owner: administrator
--

ALTER TABLE public.token_blacklist_outstandingtoken ALTER COLUMN id ADD GENERATED BY DEFAULT AS IDENTITY (
    SEQUENCE NAME public.token_blacklist_outstandingtoken_id_seq
    START WITH 1
    INCREMENT BY 1
    NO MINVALUE
    NO MAXVALUE
    CACHE 1
);


--
-- Data for Name: app_user; Type: TABLE DATA; Schema: public; Owner: administrator
--

COPY public.app_user (id, password, last_login, is_superuser, is_staff, is_active, created_at, updated_at, email, telephone, username, photo, address, role, desa_id) FROM stdin;
1	pbkdf2_sha256$600000$QKexlHxBEvW0R3LQyDCotp$MK4bYEyJXMwuyO5J0oFlROKCY9PC12u5sLyzZ4jSLM0=	2023-10-16 09:35:53.378874+07	t	t	t	2023-10-16 09:35:02.19548+07	2023-10-16 09:35:02.195498+07	superadmin@djangotest.aw	-	Super Admin		\N	1	\N
2	pbkdf2_sha256$600000$ZRoGPhIFSVhiApiK1U9j4h$0T/Bg464IIva5tvMA6owPBIXLnv+2fjPsBoVvOnuPgE=	2023-10-16 18:33:11.147728+07	f	f	t	2023-10-16 18:26:31.987475+07	2023-10-16 18:30:16.633168+07	pendudukacehutara@test.com	-	Penduduk Aceh Utara		\N	2	\N
5	pbkdf2_sha256$600000$Bhe8MY4FjD3OkLZwfgXKen$EXfCMUh19KLGDtnbBh+femhb7uJ1SODBHFMcUzgYsak=	\N	f	f	t	2023-10-16 18:29:11.734812+07	2023-10-16 18:30:17.916019+07	kapelacehutara@test.com	-	Kapel Aceh Utara		\N	4	1
4	pbkdf2_sha256$600000$qAWqNgPzayqeYZQV5EjvOn$tY2C/4n87abDkvPiZ50b5XNKYS2xkn8J+dRuKFYX9Pg=	2023-10-16 19:25:43.881457+07	f	f	t	2023-10-16 18:27:56.533416+07	2023-10-16 18:30:17.504211+07	kapemacehutara@test.com	-	Kapem Aceh Utara		\N	4	1
3	pbkdf2_sha256$600000$IT55WzLBNJiGocSXuub2UY$KKBqmhCrjamw1gLlzBTpabuj1eWpvRdjLfEVk3vDVSk=	2023-10-16 19:27:11.656165+07	f	f	t	2023-10-16 18:27:19.568775+07	2023-10-16 18:30:17.053787+07	kadesacehutara@test.com	-	Kades Aceh Utara		\N	4	1
6	pbkdf2_sha256$600000$IzKcUupsHP5AwuHkxFEUfc$t9tg7b4M4vE5/K5lRqMQwIfBML3drKPACNa67a4opgY=	\N	f	f	t	2023-10-17 08:16:56.776501+07	2023-10-17 08:16:56.776556+07	adminacehutara@test.com	-			\N	3	1
\.


--
-- Data for Name: app_user_desa_profile; Type: TABLE DATA; Schema: public; Owner: administrator
--

COPY public.app_user_desa_profile (id, deleted, deleted_by_cascade, jabatan, user_id) FROM stdin;
1	\N	f	1	3
2	\N	f	2	4
3	\N	f	3	5
\.


--
-- Data for Name: app_user_groups; Type: TABLE DATA; Schema: public; Owner: administrator
--

COPY public.app_user_groups (id, user_id, group_id) FROM stdin;
\.


--
-- Data for Name: app_user_user_permissions; Type: TABLE DATA; Schema: public; Owner: administrator
--

COPY public.app_user_user_permissions (id, user_id, permission_id) FROM stdin;
\.


--
-- Data for Name: auth_group; Type: TABLE DATA; Schema: public; Owner: administrator
--

COPY public.auth_group (id, name) FROM stdin;
\.


--
-- Data for Name: auth_group_permissions; Type: TABLE DATA; Schema: public; Owner: administrator
--

COPY public.auth_group_permissions (id, group_id, permission_id) FROM stdin;
\.


--
-- Data for Name: auth_permission; Type: TABLE DATA; Schema: public; Owner: administrator
--

COPY public.auth_permission (id, name, content_type_id, codename) FROM stdin;
1	Can add user	1	add_user
2	Can change user	1	change_user
3	Can delete user	1	delete_user
4	Can view user	1	view_user
5	Can add log entry	2	add_logentry
6	Can change log entry	2	change_logentry
7	Can delete log entry	2	delete_logentry
8	Can view log entry	2	view_logentry
9	Can add permission	3	add_permission
10	Can change permission	3	change_permission
11	Can delete permission	3	delete_permission
12	Can view permission	3	view_permission
13	Can add group	4	add_group
14	Can change group	4	change_group
15	Can delete group	4	delete_group
16	Can view group	4	view_group
17	Can add content type	5	add_contenttype
18	Can change content type	5	change_contenttype
19	Can delete content type	5	delete_contenttype
20	Can view content type	5	view_contenttype
21	Can add session	6	add_session
22	Can change session	6	change_session
23	Can delete session	6	delete_session
24	Can view session	6	view_session
25	Can add blacklisted token	7	add_blacklistedtoken
26	Can change blacklisted token	7	change_blacklistedtoken
27	Can delete blacklisted token	7	delete_blacklistedtoken
28	Can view blacklisted token	7	view_blacklistedtoken
29	Can add outstanding token	8	add_outstandingtoken
30	Can change outstanding token	8	change_outstandingtoken
31	Can delete outstanding token	8	delete_outstandingtoken
32	Can view outstanding token	8	view_outstandingtoken
33	Can add background task	9	add_backgroundtask
34	Can change background task	9	change_backgroundtask
35	Can delete background task	9	delete_backgroundtask
36	Can view background task	9	view_backgroundtask
37	Can add queued notification	10	add_queuednotification
38	Can change queued notification	10	change_queuednotification
39	Can delete queued notification	10	delete_queuednotification
40	Can view queued notification	10	view_queuednotification
41	Can add desa	11	add_desa
42	Can change desa	11	change_desa
43	Can delete desa	11	delete_desa
44	Can view desa	11	view_desa
45	Can add user desa profile	12	add_userdesaprofile
46	Can change user desa profile	12	change_userdesaprofile
47	Can delete user desa profile	12	delete_userdesaprofile
48	Can view user desa profile	12	view_userdesaprofile
49	Can add layanan umum	13	add_layananumum
50	Can change layanan umum	13	change_layananumum
51	Can delete layanan umum	13	delete_layananumum
52	Can view layanan umum	13	view_layananumum
53	Can add layanan pemerintahan	14	add_layananpemerintahan
54	Can change layanan pemerintahan	14	change_layananpemerintahan
55	Can delete layanan pemerintahan	14	delete_layananpemerintahan
56	Can view layanan pemerintahan	14	view_layananpemerintahan
57	Can add layanan history detail	15	add_layananhistorydetail
58	Can change layanan history detail	15	change_layananhistorydetail
59	Can delete layanan history detail	15	delete_layananhistorydetail
60	Can view layanan history detail	15	view_layananhistorydetail
61	Can add layanan history	16	add_layananhistory
62	Can change layanan history	16	change_layananhistory
63	Can delete layanan history	16	delete_layananhistory
64	Can view layanan history	16	view_layananhistory
\.


--
-- Data for Name: background_task; Type: TABLE DATA; Schema: public; Owner: administrator
--

COPY public.background_task (identifier, task_id, status, created_at) FROM stdin;
\.


--
-- Data for Name: core_queuednotification; Type: TABLE DATA; Schema: public; Owner: administrator
--

COPY public.core_queuednotification (id, payload, is_read, created_at) FROM stdin;
\.


--
-- Data for Name: core_queuednotification_receivers; Type: TABLE DATA; Schema: public; Owner: administrator
--

COPY public.core_queuednotification_receivers (id, queuednotification_id, user_id) FROM stdin;
\.


--
-- Data for Name: desa; Type: TABLE DATA; Schema: public; Owner: administrator
--

COPY public.desa (id, deleted, deleted_by_cascade, kode, nama) FROM stdin;
1	\N	f	1101	Aceh Utara
2	\N	f	1102	Aceh Barat
\.


--
-- Data for Name: django_admin_log; Type: TABLE DATA; Schema: public; Owner: administrator
--

COPY public.django_admin_log (id, action_time, object_id, object_repr, action_flag, change_message, content_type_id, user_id) FROM stdin;
1	2023-10-16 09:52:29.04942+07	1	Desa object (1)	1	[{"added": {}}]	11	1
2	2023-10-16 09:52:37.137196+07	2	Desa object (2)	1	[{"added": {}}]	11	1
\.


--
-- Data for Name: django_content_type; Type: TABLE DATA; Schema: public; Owner: administrator
--

COPY public.django_content_type (id, app_label, model) FROM stdin;
1	auths	user
2	admin	logentry
3	auth	permission
4	auth	group
5	contenttypes	contenttype
6	sessions	session
7	token_blacklist	blacklistedtoken
8	token_blacklist	outstandingtoken
9	core	backgroundtask
10	core	queuednotification
11	datamaster	desa
12	auths	userdesaprofile
13	layanan	layananumum
14	layanan	layananpemerintahan
15	layanan	layananhistorydetail
16	layanan	layananhistory
\.


--
-- Data for Name: django_migrations; Type: TABLE DATA; Schema: public; Owner: administrator
--

COPY public.django_migrations (id, app, name, applied) FROM stdin;
1	contenttypes	0001_initial	2023-10-16 09:10:24.388239+07
2	datamaster	0001_initial	2023-10-16 09:10:24.425934+07
3	contenttypes	0002_remove_content_type_name	2023-10-16 09:10:24.447288+07
4	auth	0001_initial	2023-10-16 09:10:24.58463+07
5	auth	0002_alter_permission_name_max_length	2023-10-16 09:10:24.606706+07
6	auth	0003_alter_user_email_max_length	2023-10-16 09:10:24.619899+07
7	auth	0004_alter_user_username_opts	2023-10-16 09:10:24.632117+07
8	auth	0005_alter_user_last_login_null	2023-10-16 09:10:24.64214+07
9	auth	0006_require_contenttypes_0002	2023-10-16 09:10:24.647986+07
10	auth	0007_alter_validators_add_error_messages	2023-10-16 09:10:24.658478+07
11	auth	0008_alter_user_username_max_length	2023-10-16 09:10:24.667769+07
12	auth	0009_alter_user_last_name_max_length	2023-10-16 09:10:24.676917+07
13	auth	0010_alter_group_name_max_length	2023-10-16 09:10:24.689178+07
14	auth	0011_update_proxy_permissions	2023-10-16 09:10:24.706343+07
15	auth	0012_alter_user_first_name_max_length	2023-10-16 09:10:24.71814+07
16	auths	0001_initial	2023-10-16 09:10:24.862225+07
17	admin	0001_initial	2023-10-16 09:10:24.931557+07
18	admin	0002_logentry_remove_auto_add	2023-10-16 09:10:24.942619+07
19	admin	0003_logentry_add_action_flag_choices	2023-10-16 09:10:24.955507+07
20	core	0001_initial	2023-10-16 09:10:25.070213+07
21	core	0002_make_identifier_string	2023-10-16 09:10:25.120155+07
22	sessions	0001_initial	2023-10-16 09:10:25.182218+07
23	token_blacklist	0001_initial	2023-10-16 09:10:25.301398+07
24	token_blacklist	0002_outstandingtoken_jti_hex	2023-10-16 09:10:25.322892+07
25	token_blacklist	0003_auto_20171017_2007	2023-10-16 09:10:25.344514+07
26	token_blacklist	0004_auto_20171017_2013	2023-10-16 09:10:25.372288+07
27	token_blacklist	0005_remove_outstandingtoken_jti	2023-10-16 09:10:25.405995+07
28	token_blacklist	0006_auto_20171017_2113	2023-10-16 09:10:25.422224+07
29	token_blacklist	0007_auto_20171017_2214	2023-10-16 09:10:25.456144+07
30	token_blacklist	0008_migrate_to_bigautofield	2023-10-16 09:10:25.544896+07
31	token_blacklist	0010_fix_migrate_to_bigautofield	2023-10-16 09:10:25.57161+07
32	token_blacklist	0011_linearizes_history	2023-10-16 09:10:25.577656+07
33	token_blacklist	0012_alter_outstandingtoken_user	2023-10-16 09:10:25.594978+07
34	auths	0002_alter_user_username_userdesaprofile	2023-10-16 13:32:32.251663+07
35	layanan	0001_initial	2023-10-16 13:32:32.382002+07
36	layanan	0002_layananpemerintahan_keterangan_and_more	2023-10-16 15:47:21.143782+07
37	layanan	0003_layananpemerintahan_desa_layananumum_desa	2023-10-16 16:41:10.665385+07
38	layanan	0004_create_history	2023-10-16 18:40:24.019825+07
39	layanan	0005_alter_layananhistory_status_and_more	2023-10-16 20:04:32.811731+07
\.


--
-- Data for Name: django_session; Type: TABLE DATA; Schema: public; Owner: administrator
--

COPY public.django_session (session_key, session_data, expire_date) FROM stdin;
ggi10acbnsqm4z6xbjje3jz05rq0jyds	.eJxVjMEOwiAQRP-FsyFQBLoevfcbmu3uVqoGktKejP-uJD3oZQ7z3sxLjbhvadyrrOPC6qI6dfrtJqSH5Ab4jvlWNJW8rcukm6IPWvVQWJ7Xw_07SFhTW7sY3DfIksEYe2Q4ewZAAek9izfWOGYHQsF3ljHMOENohqEYg3p_AOhYOCA:1qsLqR:gIP9REGQdf9gvavmO87ie6mnORz9RsVPGfyy8hB0NYo	2023-10-30 18:33:11.153739+07
\.


--
-- Data for Name: layanan_history; Type: TABLE DATA; Schema: public; Owner: administrator
--

COPY public.layanan_history (id, deleted, deleted_by_cascade, obj_id, obj_type, status, rejection_reason, created_at, updated_at, created_by_id, desa_id, updated_by_id) FROM stdin;
\.


--
-- Data for Name: layanan_history_detail; Type: TABLE DATA; Schema: public; Owner: administrator
--

COPY public.layanan_history_detail (id, deleted, deleted_by_cascade, status, rejection_reason, created_at, actor_id, parent_id) FROM stdin;
\.


--
-- Data for Name: layanan_pemerintahan; Type: TABLE DATA; Schema: public; Owner: administrator
--

COPY public.layanan_pemerintahan (id, deleted, deleted_by_cascade, keperluan, created_at, updated_at, created_by_id, updated_by_id, keterangan, status, desa_id) FROM stdin;
2	\N	f	Mencari Pekerjaan	2023-10-16 18:40:17.949912+07	2023-10-16 19:27:16.777246+07	2	3	Mencari Pekerjaan di luar negeri	approved	1
\.


--
-- Data for Name: layanan_umum; Type: TABLE DATA; Schema: public; Owner: administrator
--

COPY public.layanan_umum (id, deleted, deleted_by_cascade, keperluan, created_at, updated_at, created_by_id, updated_by_id, keterangan, status, desa_id) FROM stdin;
\.


--
-- Data for Name: token_blacklist_blacklistedtoken; Type: TABLE DATA; Schema: public; Owner: administrator
--

COPY public.token_blacklist_blacklistedtoken (id, blacklisted_at, token_id) FROM stdin;
\.


--
-- Data for Name: token_blacklist_outstandingtoken; Type: TABLE DATA; Schema: public; Owner: administrator
--

COPY public.token_blacklist_outstandingtoken (id, token, created_at, expires_at, user_id, jti) FROM stdin;
\.


--
-- Name: app_user_desa_profile_id_seq; Type: SEQUENCE SET; Schema: public; Owner: administrator
--

SELECT pg_catalog.setval('public.app_user_desa_profile_id_seq', 3, true);


--
-- Name: app_user_groups_id_seq; Type: SEQUENCE SET; Schema: public; Owner: administrator
--

SELECT pg_catalog.setval('public.app_user_groups_id_seq', 1, false);


--
-- Name: app_user_id_seq; Type: SEQUENCE SET; Schema: public; Owner: administrator
--

SELECT pg_catalog.setval('public.app_user_id_seq', 6, true);


--
-- Name: app_user_user_permissions_id_seq; Type: SEQUENCE SET; Schema: public; Owner: administrator
--

SELECT pg_catalog.setval('public.app_user_user_permissions_id_seq', 1, false);


--
-- Name: auth_group_id_seq; Type: SEQUENCE SET; Schema: public; Owner: administrator
--

SELECT pg_catalog.setval('public.auth_group_id_seq', 1, false);


--
-- Name: auth_group_permissions_id_seq; Type: SEQUENCE SET; Schema: public; Owner: administrator
--

SELECT pg_catalog.setval('public.auth_group_permissions_id_seq', 1, false);


--
-- Name: auth_permission_id_seq; Type: SEQUENCE SET; Schema: public; Owner: administrator
--

SELECT pg_catalog.setval('public.auth_permission_id_seq', 64, true);


--
-- Name: core_queuednotification_id_seq; Type: SEQUENCE SET; Schema: public; Owner: administrator
--

SELECT pg_catalog.setval('public.core_queuednotification_id_seq', 1, false);


--
-- Name: core_queuednotification_receivers_id_seq; Type: SEQUENCE SET; Schema: public; Owner: administrator
--

SELECT pg_catalog.setval('public.core_queuednotification_receivers_id_seq', 1, false);


--
-- Name: desa_id_seq; Type: SEQUENCE SET; Schema: public; Owner: administrator
--

SELECT pg_catalog.setval('public.desa_id_seq', 2, true);


--
-- Name: django_admin_log_id_seq; Type: SEQUENCE SET; Schema: public; Owner: administrator
--

SELECT pg_catalog.setval('public.django_admin_log_id_seq', 2, true);


--
-- Name: django_content_type_id_seq; Type: SEQUENCE SET; Schema: public; Owner: administrator
--

SELECT pg_catalog.setval('public.django_content_type_id_seq', 16, true);


--
-- Name: django_migrations_id_seq; Type: SEQUENCE SET; Schema: public; Owner: administrator
--

SELECT pg_catalog.setval('public.django_migrations_id_seq', 39, true);


--
-- Name: layanan_history_detail_id_seq; Type: SEQUENCE SET; Schema: public; Owner: administrator
--

SELECT pg_catalog.setval('public.layanan_history_detail_id_seq', 1, false);


--
-- Name: layanan_history_id_seq; Type: SEQUENCE SET; Schema: public; Owner: administrator
--

SELECT pg_catalog.setval('public.layanan_history_id_seq', 1, false);


--
-- Name: layanan_pemerintahan_id_seq; Type: SEQUENCE SET; Schema: public; Owner: administrator
--

SELECT pg_catalog.setval('public.layanan_pemerintahan_id_seq', 2, true);


--
-- Name: layanan_umum_id_seq; Type: SEQUENCE SET; Schema: public; Owner: administrator
--

SELECT pg_catalog.setval('public.layanan_umum_id_seq', 1, false);


--
-- Name: token_blacklist_blacklistedtoken_id_seq; Type: SEQUENCE SET; Schema: public; Owner: administrator
--

SELECT pg_catalog.setval('public.token_blacklist_blacklistedtoken_id_seq', 1, false);


--
-- Name: token_blacklist_outstandingtoken_id_seq; Type: SEQUENCE SET; Schema: public; Owner: administrator
--

SELECT pg_catalog.setval('public.token_blacklist_outstandingtoken_id_seq', 1, false);


--
-- Name: app_user_desa_profile app_user_desa_profile_pkey; Type: CONSTRAINT; Schema: public; Owner: administrator
--

ALTER TABLE ONLY public.app_user_desa_profile
    ADD CONSTRAINT app_user_desa_profile_pkey PRIMARY KEY (id);


--
-- Name: app_user_desa_profile app_user_desa_profile_user_id_key; Type: CONSTRAINT; Schema: public; Owner: administrator
--

ALTER TABLE ONLY public.app_user_desa_profile
    ADD CONSTRAINT app_user_desa_profile_user_id_key UNIQUE (user_id);


--
-- Name: app_user app_user_email_key; Type: CONSTRAINT; Schema: public; Owner: administrator
--

ALTER TABLE ONLY public.app_user
    ADD CONSTRAINT app_user_email_key UNIQUE (email);


--
-- Name: app_user_groups app_user_groups_pkey; Type: CONSTRAINT; Schema: public; Owner: administrator
--

ALTER TABLE ONLY public.app_user_groups
    ADD CONSTRAINT app_user_groups_pkey PRIMARY KEY (id);


--
-- Name: app_user_groups app_user_groups_user_id_group_id_73b8e940_uniq; Type: CONSTRAINT; Schema: public; Owner: administrator
--

ALTER TABLE ONLY public.app_user_groups
    ADD CONSTRAINT app_user_groups_user_id_group_id_73b8e940_uniq UNIQUE (user_id, group_id);


--
-- Name: app_user app_user_pkey; Type: CONSTRAINT; Schema: public; Owner: administrator
--

ALTER TABLE ONLY public.app_user
    ADD CONSTRAINT app_user_pkey PRIMARY KEY (id);


--
-- Name: app_user_user_permissions app_user_user_permissions_pkey; Type: CONSTRAINT; Schema: public; Owner: administrator
--

ALTER TABLE ONLY public.app_user_user_permissions
    ADD CONSTRAINT app_user_user_permissions_pkey PRIMARY KEY (id);


--
-- Name: app_user_user_permissions app_user_user_permissions_user_id_permission_id_7c8316ce_uniq; Type: CONSTRAINT; Schema: public; Owner: administrator
--

ALTER TABLE ONLY public.app_user_user_permissions
    ADD CONSTRAINT app_user_user_permissions_user_id_permission_id_7c8316ce_uniq UNIQUE (user_id, permission_id);


--
-- Name: auth_group auth_group_name_key; Type: CONSTRAINT; Schema: public; Owner: administrator
--

ALTER TABLE ONLY public.auth_group
    ADD CONSTRAINT auth_group_name_key UNIQUE (name);


--
-- Name: auth_group_permissions auth_group_permissions_group_id_permission_id_0cd325b0_uniq; Type: CONSTRAINT; Schema: public; Owner: administrator
--

ALTER TABLE ONLY public.auth_group_permissions
    ADD CONSTRAINT auth_group_permissions_group_id_permission_id_0cd325b0_uniq UNIQUE (group_id, permission_id);


--
-- Name: auth_group_permissions auth_group_permissions_pkey; Type: CONSTRAINT; Schema: public; Owner: administrator
--

ALTER TABLE ONLY public.auth_group_permissions
    ADD CONSTRAINT auth_group_permissions_pkey PRIMARY KEY (id);


--
-- Name: auth_group auth_group_pkey; Type: CONSTRAINT; Schema: public; Owner: administrator
--

ALTER TABLE ONLY public.auth_group
    ADD CONSTRAINT auth_group_pkey PRIMARY KEY (id);


--
-- Name: auth_permission auth_permission_content_type_id_codename_01ab375a_uniq; Type: CONSTRAINT; Schema: public; Owner: administrator
--

ALTER TABLE ONLY public.auth_permission
    ADD CONSTRAINT auth_permission_content_type_id_codename_01ab375a_uniq UNIQUE (content_type_id, codename);


--
-- Name: auth_permission auth_permission_pkey; Type: CONSTRAINT; Schema: public; Owner: administrator
--

ALTER TABLE ONLY public.auth_permission
    ADD CONSTRAINT auth_permission_pkey PRIMARY KEY (id);


--
-- Name: background_task background_task_pkey; Type: CONSTRAINT; Schema: public; Owner: administrator
--

ALTER TABLE ONLY public.background_task
    ADD CONSTRAINT background_task_pkey PRIMARY KEY (identifier);


--
-- Name: background_task background_task_task_id_key; Type: CONSTRAINT; Schema: public; Owner: administrator
--

ALTER TABLE ONLY public.background_task
    ADD CONSTRAINT background_task_task_id_key UNIQUE (task_id);


--
-- Name: core_queuednotification_receivers core_queuednotification__queuednotification_id_us_3e124c09_uniq; Type: CONSTRAINT; Schema: public; Owner: administrator
--

ALTER TABLE ONLY public.core_queuednotification_receivers
    ADD CONSTRAINT core_queuednotification__queuednotification_id_us_3e124c09_uniq UNIQUE (queuednotification_id, user_id);


--
-- Name: core_queuednotification core_queuednotification_pkey; Type: CONSTRAINT; Schema: public; Owner: administrator
--

ALTER TABLE ONLY public.core_queuednotification
    ADD CONSTRAINT core_queuednotification_pkey PRIMARY KEY (id);


--
-- Name: core_queuednotification_receivers core_queuednotification_receivers_pkey; Type: CONSTRAINT; Schema: public; Owner: administrator
--

ALTER TABLE ONLY public.core_queuednotification_receivers
    ADD CONSTRAINT core_queuednotification_receivers_pkey PRIMARY KEY (id);


--
-- Name: desa desa_pkey; Type: CONSTRAINT; Schema: public; Owner: administrator
--

ALTER TABLE ONLY public.desa
    ADD CONSTRAINT desa_pkey PRIMARY KEY (id);


--
-- Name: django_admin_log django_admin_log_pkey; Type: CONSTRAINT; Schema: public; Owner: administrator
--

ALTER TABLE ONLY public.django_admin_log
    ADD CONSTRAINT django_admin_log_pkey PRIMARY KEY (id);


--
-- Name: django_content_type django_content_type_app_label_model_76bd3d3b_uniq; Type: CONSTRAINT; Schema: public; Owner: administrator
--

ALTER TABLE ONLY public.django_content_type
    ADD CONSTRAINT django_content_type_app_label_model_76bd3d3b_uniq UNIQUE (app_label, model);


--
-- Name: django_content_type django_content_type_pkey; Type: CONSTRAINT; Schema: public; Owner: administrator
--

ALTER TABLE ONLY public.django_content_type
    ADD CONSTRAINT django_content_type_pkey PRIMARY KEY (id);


--
-- Name: django_migrations django_migrations_pkey; Type: CONSTRAINT; Schema: public; Owner: administrator
--

ALTER TABLE ONLY public.django_migrations
    ADD CONSTRAINT django_migrations_pkey PRIMARY KEY (id);


--
-- Name: django_session django_session_pkey; Type: CONSTRAINT; Schema: public; Owner: administrator
--

ALTER TABLE ONLY public.django_session
    ADD CONSTRAINT django_session_pkey PRIMARY KEY (session_key);


--
-- Name: layanan_history_detail layanan_history_detail_pkey; Type: CONSTRAINT; Schema: public; Owner: administrator
--

ALTER TABLE ONLY public.layanan_history_detail
    ADD CONSTRAINT layanan_history_detail_pkey PRIMARY KEY (id);


--
-- Name: layanan_history layanan_history_pkey; Type: CONSTRAINT; Schema: public; Owner: administrator
--

ALTER TABLE ONLY public.layanan_history
    ADD CONSTRAINT layanan_history_pkey PRIMARY KEY (id);


--
-- Name: layanan_pemerintahan layanan_pemerintahan_pkey; Type: CONSTRAINT; Schema: public; Owner: administrator
--

ALTER TABLE ONLY public.layanan_pemerintahan
    ADD CONSTRAINT layanan_pemerintahan_pkey PRIMARY KEY (id);


--
-- Name: layanan_umum layanan_umum_pkey; Type: CONSTRAINT; Schema: public; Owner: administrator
--

ALTER TABLE ONLY public.layanan_umum
    ADD CONSTRAINT layanan_umum_pkey PRIMARY KEY (id);


--
-- Name: token_blacklist_blacklistedtoken token_blacklist_blacklistedtoken_pkey; Type: CONSTRAINT; Schema: public; Owner: administrator
--

ALTER TABLE ONLY public.token_blacklist_blacklistedtoken
    ADD CONSTRAINT token_blacklist_blacklistedtoken_pkey PRIMARY KEY (id);


--
-- Name: token_blacklist_blacklistedtoken token_blacklist_blacklistedtoken_token_id_key; Type: CONSTRAINT; Schema: public; Owner: administrator
--

ALTER TABLE ONLY public.token_blacklist_blacklistedtoken
    ADD CONSTRAINT token_blacklist_blacklistedtoken_token_id_key UNIQUE (token_id);


--
-- Name: token_blacklist_outstandingtoken token_blacklist_outstandingtoken_jti_hex_d9bdf6f7_uniq; Type: CONSTRAINT; Schema: public; Owner: administrator
--

ALTER TABLE ONLY public.token_blacklist_outstandingtoken
    ADD CONSTRAINT token_blacklist_outstandingtoken_jti_hex_d9bdf6f7_uniq UNIQUE (jti);


--
-- Name: token_blacklist_outstandingtoken token_blacklist_outstandingtoken_pkey; Type: CONSTRAINT; Schema: public; Owner: administrator
--

ALTER TABLE ONLY public.token_blacklist_outstandingtoken
    ADD CONSTRAINT token_blacklist_outstandingtoken_pkey PRIMARY KEY (id);


--
-- Name: app_user_desa_id_7f5662b9; Type: INDEX; Schema: public; Owner: administrator
--

CREATE INDEX app_user_desa_id_7f5662b9 ON public.app_user USING btree (desa_id);


--
-- Name: app_user_desa_profile_deleted_b9f75c35; Type: INDEX; Schema: public; Owner: administrator
--

CREATE INDEX app_user_desa_profile_deleted_b9f75c35 ON public.app_user_desa_profile USING btree (deleted);


--
-- Name: app_user_email_efde8896_like; Type: INDEX; Schema: public; Owner: administrator
--

CREATE INDEX app_user_email_efde8896_like ON public.app_user USING btree (email varchar_pattern_ops);


--
-- Name: app_user_groups_group_id_e774d92c; Type: INDEX; Schema: public; Owner: administrator
--

CREATE INDEX app_user_groups_group_id_e774d92c ON public.app_user_groups USING btree (group_id);


--
-- Name: app_user_groups_user_id_e6f878f6; Type: INDEX; Schema: public; Owner: administrator
--

CREATE INDEX app_user_groups_user_id_e6f878f6 ON public.app_user_groups USING btree (user_id);


--
-- Name: app_user_user_permissions_permission_id_4ef8e133; Type: INDEX; Schema: public; Owner: administrator
--

CREATE INDEX app_user_user_permissions_permission_id_4ef8e133 ON public.app_user_user_permissions USING btree (permission_id);


--
-- Name: app_user_user_permissions_user_id_24780b52; Type: INDEX; Schema: public; Owner: administrator
--

CREATE INDEX app_user_user_permissions_user_id_24780b52 ON public.app_user_user_permissions USING btree (user_id);


--
-- Name: auth_group_name_a6ea08ec_like; Type: INDEX; Schema: public; Owner: administrator
--

CREATE INDEX auth_group_name_a6ea08ec_like ON public.auth_group USING btree (name varchar_pattern_ops);


--
-- Name: auth_group_permissions_group_id_b120cbf9; Type: INDEX; Schema: public; Owner: administrator
--

CREATE INDEX auth_group_permissions_group_id_b120cbf9 ON public.auth_group_permissions USING btree (group_id);


--
-- Name: auth_group_permissions_permission_id_84c5c92e; Type: INDEX; Schema: public; Owner: administrator
--

CREATE INDEX auth_group_permissions_permission_id_84c5c92e ON public.auth_group_permissions USING btree (permission_id);


--
-- Name: auth_permission_content_type_id_2f476e4b; Type: INDEX; Schema: public; Owner: administrator
--

CREATE INDEX auth_permission_content_type_id_2f476e4b ON public.auth_permission USING btree (content_type_id);


--
-- Name: background_task_task_id_97f8c431_like; Type: INDEX; Schema: public; Owner: administrator
--

CREATE INDEX background_task_task_id_97f8c431_like ON public.background_task USING btree (task_id varchar_pattern_ops);


--
-- Name: core_queuednotification_re_queuednotification_id_db51f60c; Type: INDEX; Schema: public; Owner: administrator
--

CREATE INDEX core_queuednotification_re_queuednotification_id_db51f60c ON public.core_queuednotification_receivers USING btree (queuednotification_id);


--
-- Name: core_queuednotification_receivers_user_id_77ee69fc; Type: INDEX; Schema: public; Owner: administrator
--

CREATE INDEX core_queuednotification_receivers_user_id_77ee69fc ON public.core_queuednotification_receivers USING btree (user_id);


--
-- Name: desa_deleted_9bf38fb7; Type: INDEX; Schema: public; Owner: administrator
--

CREATE INDEX desa_deleted_9bf38fb7 ON public.desa USING btree (deleted);


--
-- Name: django_admin_log_content_type_id_c4bce8eb; Type: INDEX; Schema: public; Owner: administrator
--

CREATE INDEX django_admin_log_content_type_id_c4bce8eb ON public.django_admin_log USING btree (content_type_id);


--
-- Name: django_admin_log_user_id_c564eba6; Type: INDEX; Schema: public; Owner: administrator
--

CREATE INDEX django_admin_log_user_id_c564eba6 ON public.django_admin_log USING btree (user_id);


--
-- Name: django_session_expire_date_a5c62663; Type: INDEX; Schema: public; Owner: administrator
--

CREATE INDEX django_session_expire_date_a5c62663 ON public.django_session USING btree (expire_date);


--
-- Name: django_session_session_key_c0390e0f_like; Type: INDEX; Schema: public; Owner: administrator
--

CREATE INDEX django_session_session_key_c0390e0f_like ON public.django_session USING btree (session_key varchar_pattern_ops);


--
-- Name: layanan_history_created_by_id_59773e35; Type: INDEX; Schema: public; Owner: administrator
--

CREATE INDEX layanan_history_created_by_id_59773e35 ON public.layanan_history USING btree (created_by_id);


--
-- Name: layanan_history_deleted_9d18e362; Type: INDEX; Schema: public; Owner: administrator
--

CREATE INDEX layanan_history_deleted_9d18e362 ON public.layanan_history USING btree (deleted);


--
-- Name: layanan_history_desa_id_5b3421c0; Type: INDEX; Schema: public; Owner: administrator
--

CREATE INDEX layanan_history_desa_id_5b3421c0 ON public.layanan_history USING btree (desa_id);


--
-- Name: layanan_history_detail_actor_id_e04a898a; Type: INDEX; Schema: public; Owner: administrator
--

CREATE INDEX layanan_history_detail_actor_id_e04a898a ON public.layanan_history_detail USING btree (actor_id);


--
-- Name: layanan_history_detail_deleted_8542a352; Type: INDEX; Schema: public; Owner: administrator
--

CREATE INDEX layanan_history_detail_deleted_8542a352 ON public.layanan_history_detail USING btree (deleted);


--
-- Name: layanan_history_detail_parent_id_f5a56412; Type: INDEX; Schema: public; Owner: administrator
--

CREATE INDEX layanan_history_detail_parent_id_f5a56412 ON public.layanan_history_detail USING btree (parent_id);


--
-- Name: layanan_history_updated_by_id_30a45408; Type: INDEX; Schema: public; Owner: administrator
--

CREATE INDEX layanan_history_updated_by_id_30a45408 ON public.layanan_history USING btree (updated_by_id);


--
-- Name: layanan_pemerintahan_created_by_id_899dad47; Type: INDEX; Schema: public; Owner: administrator
--

CREATE INDEX layanan_pemerintahan_created_by_id_899dad47 ON public.layanan_pemerintahan USING btree (created_by_id);


--
-- Name: layanan_pemerintahan_deleted_06ba0589; Type: INDEX; Schema: public; Owner: administrator
--

CREATE INDEX layanan_pemerintahan_deleted_06ba0589 ON public.layanan_pemerintahan USING btree (deleted);


--
-- Name: layanan_pemerintahan_desa_id_3e51456f; Type: INDEX; Schema: public; Owner: administrator
--

CREATE INDEX layanan_pemerintahan_desa_id_3e51456f ON public.layanan_pemerintahan USING btree (desa_id);


--
-- Name: layanan_pemerintahan_updated_by_id_5d44b120; Type: INDEX; Schema: public; Owner: administrator
--

CREATE INDEX layanan_pemerintahan_updated_by_id_5d44b120 ON public.layanan_pemerintahan USING btree (updated_by_id);


--
-- Name: layanan_umum_created_by_id_595ecc5d; Type: INDEX; Schema: public; Owner: administrator
--

CREATE INDEX layanan_umum_created_by_id_595ecc5d ON public.layanan_umum USING btree (created_by_id);


--
-- Name: layanan_umum_deleted_c166f639; Type: INDEX; Schema: public; Owner: administrator
--

CREATE INDEX layanan_umum_deleted_c166f639 ON public.layanan_umum USING btree (deleted);


--
-- Name: layanan_umum_desa_id_456fc3eb; Type: INDEX; Schema: public; Owner: administrator
--

CREATE INDEX layanan_umum_desa_id_456fc3eb ON public.layanan_umum USING btree (desa_id);


--
-- Name: layanan_umum_updated_by_id_281f6e1f; Type: INDEX; Schema: public; Owner: administrator
--

CREATE INDEX layanan_umum_updated_by_id_281f6e1f ON public.layanan_umum USING btree (updated_by_id);


--
-- Name: token_blacklist_outstandingtoken_jti_hex_d9bdf6f7_like; Type: INDEX; Schema: public; Owner: administrator
--

CREATE INDEX token_blacklist_outstandingtoken_jti_hex_d9bdf6f7_like ON public.token_blacklist_outstandingtoken USING btree (jti varchar_pattern_ops);


--
-- Name: token_blacklist_outstandingtoken_user_id_83bc629a; Type: INDEX; Schema: public; Owner: administrator
--

CREATE INDEX token_blacklist_outstandingtoken_user_id_83bc629a ON public.token_blacklist_outstandingtoken USING btree (user_id);


--
-- Name: app_user app_user_desa_id_7f5662b9_fk_desa_id; Type: FK CONSTRAINT; Schema: public; Owner: administrator
--

ALTER TABLE ONLY public.app_user
    ADD CONSTRAINT app_user_desa_id_7f5662b9_fk_desa_id FOREIGN KEY (desa_id) REFERENCES public.desa(id) DEFERRABLE INITIALLY DEFERRED;


--
-- Name: app_user_desa_profile app_user_desa_profile_user_id_031f6876_fk_app_user_id; Type: FK CONSTRAINT; Schema: public; Owner: administrator
--

ALTER TABLE ONLY public.app_user_desa_profile
    ADD CONSTRAINT app_user_desa_profile_user_id_031f6876_fk_app_user_id FOREIGN KEY (user_id) REFERENCES public.app_user(id) DEFERRABLE INITIALLY DEFERRED;


--
-- Name: app_user_groups app_user_groups_group_id_e774d92c_fk_auth_group_id; Type: FK CONSTRAINT; Schema: public; Owner: administrator
--

ALTER TABLE ONLY public.app_user_groups
    ADD CONSTRAINT app_user_groups_group_id_e774d92c_fk_auth_group_id FOREIGN KEY (group_id) REFERENCES public.auth_group(id) DEFERRABLE INITIALLY DEFERRED;


--
-- Name: app_user_groups app_user_groups_user_id_e6f878f6_fk_app_user_id; Type: FK CONSTRAINT; Schema: public; Owner: administrator
--

ALTER TABLE ONLY public.app_user_groups
    ADD CONSTRAINT app_user_groups_user_id_e6f878f6_fk_app_user_id FOREIGN KEY (user_id) REFERENCES public.app_user(id) DEFERRABLE INITIALLY DEFERRED;


--
-- Name: app_user_user_permissions app_user_user_permis_permission_id_4ef8e133_fk_auth_perm; Type: FK CONSTRAINT; Schema: public; Owner: administrator
--

ALTER TABLE ONLY public.app_user_user_permissions
    ADD CONSTRAINT app_user_user_permis_permission_id_4ef8e133_fk_auth_perm FOREIGN KEY (permission_id) REFERENCES public.auth_permission(id) DEFERRABLE INITIALLY DEFERRED;


--
-- Name: app_user_user_permissions app_user_user_permissions_user_id_24780b52_fk_app_user_id; Type: FK CONSTRAINT; Schema: public; Owner: administrator
--

ALTER TABLE ONLY public.app_user_user_permissions
    ADD CONSTRAINT app_user_user_permissions_user_id_24780b52_fk_app_user_id FOREIGN KEY (user_id) REFERENCES public.app_user(id) DEFERRABLE INITIALLY DEFERRED;


--
-- Name: auth_group_permissions auth_group_permissio_permission_id_84c5c92e_fk_auth_perm; Type: FK CONSTRAINT; Schema: public; Owner: administrator
--

ALTER TABLE ONLY public.auth_group_permissions
    ADD CONSTRAINT auth_group_permissio_permission_id_84c5c92e_fk_auth_perm FOREIGN KEY (permission_id) REFERENCES public.auth_permission(id) DEFERRABLE INITIALLY DEFERRED;


--
-- Name: auth_group_permissions auth_group_permissions_group_id_b120cbf9_fk_auth_group_id; Type: FK CONSTRAINT; Schema: public; Owner: administrator
--

ALTER TABLE ONLY public.auth_group_permissions
    ADD CONSTRAINT auth_group_permissions_group_id_b120cbf9_fk_auth_group_id FOREIGN KEY (group_id) REFERENCES public.auth_group(id) DEFERRABLE INITIALLY DEFERRED;


--
-- Name: auth_permission auth_permission_content_type_id_2f476e4b_fk_django_co; Type: FK CONSTRAINT; Schema: public; Owner: administrator
--

ALTER TABLE ONLY public.auth_permission
    ADD CONSTRAINT auth_permission_content_type_id_2f476e4b_fk_django_co FOREIGN KEY (content_type_id) REFERENCES public.django_content_type(id) DEFERRABLE INITIALLY DEFERRED;


--
-- Name: core_queuednotification_receivers core_queuednotificat_queuednotification_i_db51f60c_fk_core_queu; Type: FK CONSTRAINT; Schema: public; Owner: administrator
--

ALTER TABLE ONLY public.core_queuednotification_receivers
    ADD CONSTRAINT core_queuednotificat_queuednotification_i_db51f60c_fk_core_queu FOREIGN KEY (queuednotification_id) REFERENCES public.core_queuednotification(id) DEFERRABLE INITIALLY DEFERRED;


--
-- Name: core_queuednotification_receivers core_queuednotificat_user_id_77ee69fc_fk_app_user_; Type: FK CONSTRAINT; Schema: public; Owner: administrator
--

ALTER TABLE ONLY public.core_queuednotification_receivers
    ADD CONSTRAINT core_queuednotificat_user_id_77ee69fc_fk_app_user_ FOREIGN KEY (user_id) REFERENCES public.app_user(id) DEFERRABLE INITIALLY DEFERRED;


--
-- Name: django_admin_log django_admin_log_content_type_id_c4bce8eb_fk_django_co; Type: FK CONSTRAINT; Schema: public; Owner: administrator
--

ALTER TABLE ONLY public.django_admin_log
    ADD CONSTRAINT django_admin_log_content_type_id_c4bce8eb_fk_django_co FOREIGN KEY (content_type_id) REFERENCES public.django_content_type(id) DEFERRABLE INITIALLY DEFERRED;


--
-- Name: django_admin_log django_admin_log_user_id_c564eba6_fk_app_user_id; Type: FK CONSTRAINT; Schema: public; Owner: administrator
--

ALTER TABLE ONLY public.django_admin_log
    ADD CONSTRAINT django_admin_log_user_id_c564eba6_fk_app_user_id FOREIGN KEY (user_id) REFERENCES public.app_user(id) DEFERRABLE INITIALLY DEFERRED;


--
-- Name: layanan_history layanan_history_created_by_id_59773e35_fk_app_user_id; Type: FK CONSTRAINT; Schema: public; Owner: administrator
--

ALTER TABLE ONLY public.layanan_history
    ADD CONSTRAINT layanan_history_created_by_id_59773e35_fk_app_user_id FOREIGN KEY (created_by_id) REFERENCES public.app_user(id) DEFERRABLE INITIALLY DEFERRED;


--
-- Name: layanan_history layanan_history_desa_id_5b3421c0_fk_desa_id; Type: FK CONSTRAINT; Schema: public; Owner: administrator
--

ALTER TABLE ONLY public.layanan_history
    ADD CONSTRAINT layanan_history_desa_id_5b3421c0_fk_desa_id FOREIGN KEY (desa_id) REFERENCES public.desa(id) DEFERRABLE INITIALLY DEFERRED;


--
-- Name: layanan_history_detail layanan_history_detail_actor_id_e04a898a_fk_app_user_id; Type: FK CONSTRAINT; Schema: public; Owner: administrator
--

ALTER TABLE ONLY public.layanan_history_detail
    ADD CONSTRAINT layanan_history_detail_actor_id_e04a898a_fk_app_user_id FOREIGN KEY (actor_id) REFERENCES public.app_user(id) DEFERRABLE INITIALLY DEFERRED;


--
-- Name: layanan_history_detail layanan_history_detail_parent_id_f5a56412_fk_layanan_history_id; Type: FK CONSTRAINT; Schema: public; Owner: administrator
--

ALTER TABLE ONLY public.layanan_history_detail
    ADD CONSTRAINT layanan_history_detail_parent_id_f5a56412_fk_layanan_history_id FOREIGN KEY (parent_id) REFERENCES public.layanan_history(id) DEFERRABLE INITIALLY DEFERRED;


--
-- Name: layanan_history layanan_history_updated_by_id_30a45408_fk_app_user_id; Type: FK CONSTRAINT; Schema: public; Owner: administrator
--

ALTER TABLE ONLY public.layanan_history
    ADD CONSTRAINT layanan_history_updated_by_id_30a45408_fk_app_user_id FOREIGN KEY (updated_by_id) REFERENCES public.app_user(id) DEFERRABLE INITIALLY DEFERRED;


--
-- Name: layanan_pemerintahan layanan_pemerintahan_created_by_id_899dad47_fk_app_user_id; Type: FK CONSTRAINT; Schema: public; Owner: administrator
--

ALTER TABLE ONLY public.layanan_pemerintahan
    ADD CONSTRAINT layanan_pemerintahan_created_by_id_899dad47_fk_app_user_id FOREIGN KEY (created_by_id) REFERENCES public.app_user(id) DEFERRABLE INITIALLY DEFERRED;


--
-- Name: layanan_pemerintahan layanan_pemerintahan_desa_id_3e51456f_fk_desa_id; Type: FK CONSTRAINT; Schema: public; Owner: administrator
--

ALTER TABLE ONLY public.layanan_pemerintahan
    ADD CONSTRAINT layanan_pemerintahan_desa_id_3e51456f_fk_desa_id FOREIGN KEY (desa_id) REFERENCES public.desa(id) DEFERRABLE INITIALLY DEFERRED;


--
-- Name: layanan_pemerintahan layanan_pemerintahan_updated_by_id_5d44b120_fk_app_user_id; Type: FK CONSTRAINT; Schema: public; Owner: administrator
--

ALTER TABLE ONLY public.layanan_pemerintahan
    ADD CONSTRAINT layanan_pemerintahan_updated_by_id_5d44b120_fk_app_user_id FOREIGN KEY (updated_by_id) REFERENCES public.app_user(id) DEFERRABLE INITIALLY DEFERRED;


--
-- Name: layanan_umum layanan_umum_created_by_id_595ecc5d_fk_app_user_id; Type: FK CONSTRAINT; Schema: public; Owner: administrator
--

ALTER TABLE ONLY public.layanan_umum
    ADD CONSTRAINT layanan_umum_created_by_id_595ecc5d_fk_app_user_id FOREIGN KEY (created_by_id) REFERENCES public.app_user(id) DEFERRABLE INITIALLY DEFERRED;


--
-- Name: layanan_umum layanan_umum_desa_id_456fc3eb_fk_desa_id; Type: FK CONSTRAINT; Schema: public; Owner: administrator
--

ALTER TABLE ONLY public.layanan_umum
    ADD CONSTRAINT layanan_umum_desa_id_456fc3eb_fk_desa_id FOREIGN KEY (desa_id) REFERENCES public.desa(id) DEFERRABLE INITIALLY DEFERRED;


--
-- Name: layanan_umum layanan_umum_updated_by_id_281f6e1f_fk_app_user_id; Type: FK CONSTRAINT; Schema: public; Owner: administrator
--

ALTER TABLE ONLY public.layanan_umum
    ADD CONSTRAINT layanan_umum_updated_by_id_281f6e1f_fk_app_user_id FOREIGN KEY (updated_by_id) REFERENCES public.app_user(id) DEFERRABLE INITIALLY DEFERRED;


--
-- Name: token_blacklist_blacklistedtoken token_blacklist_blacklistedtoken_token_id_3cc7fe56_fk; Type: FK CONSTRAINT; Schema: public; Owner: administrator
--

ALTER TABLE ONLY public.token_blacklist_blacklistedtoken
    ADD CONSTRAINT token_blacklist_blacklistedtoken_token_id_3cc7fe56_fk FOREIGN KEY (token_id) REFERENCES public.token_blacklist_outstandingtoken(id) DEFERRABLE INITIALLY DEFERRED;


--
-- Name: token_blacklist_outstandingtoken token_blacklist_outs_user_id_83bc629a_fk_app_user_; Type: FK CONSTRAINT; Schema: public; Owner: administrator
--

ALTER TABLE ONLY public.token_blacklist_outstandingtoken
    ADD CONSTRAINT token_blacklist_outs_user_id_83bc629a_fk_app_user_ FOREIGN KEY (user_id) REFERENCES public.app_user(id) DEFERRABLE INITIALLY DEFERRED;


--
-- PostgreSQL database dump complete
--

